﻿<?xml version="1.0" encoding="utf-8" ?>
<c2eventsheet>
    <!--All the 'name' attributes are ignored by Construct 2 - they are there for readability only.-->
    <name>Event sheet 3</name>
    <events>
        <variable constant="0" name="lose" sid="740781714204265" static="0" type="number">0</variable>
        <variable constant="0" name="timer" sid="472796764779405" static="0" type="number">30</variable>
        <event-block sid="924734792596126">
            <conditions>
                <condition id="-2" name="On start of layout" sid="488113070403889" type="System" />
            </conditions>
            <actions>
                <action behavior="Platform" id="13" name="Set double-jump" sid="272270495402693" type="chara">
                    <param id="0" name="State">1</param>
                </action>
                <action behavior="Platform" id="5" name="Set gravity" sid="323154216919507" type="chara">
                    <param id="0" name="Gravity">2000</param>
                </action>
                <action behavior="Platform" id="1" name="Set max speed" sid="448137796945113" type="chara">
                    <param id="0" name="Max Speed">200</param>
                </action>
                <action behavior="Timer" id="0" name="Start timer" sid="644083921054760" type="chara">
                    <param id="0" name="Duration">30.0</param>
                    <param id="1" name="Type">0</param>
                    <param id="2" name="Tag">&quot;durasi&quot;</param>
                </action>
                <action id="-9" name="Set value" sid="376600176820326" type="System">
                    <param id="0" name="Variable">lose</param>
                    <param id="1" name="Value">0</param>
                </action>
            </actions>
        </event-block>
        <event-block sid="928226187793622">
            <conditions>
                <condition id="0" name="On collision with another object" sid="122002335083196" type="chara">
                    <param id="0" name="Object">duri</param>
                </condition>
            </conditions>
            <actions>
                <action id="-15" name="Set visible" sid="778614876681386" type="layarLose">
                    <param id="0" name="Visibility">1</param>
                </action>
                <action id="-15" name="Set visible" sid="775522596896674" type="Lose">
                    <param id="0" name="Visibility">1</param>
                </action>
                <action behavior="Platform" id="11" name="Set enabled" sid="590874279400729" type="chara">
                    <param id="0" name="State">0</param>
                </action>
                <action id="-9" name="Set value" sid="773016650121957" type="System">
                    <param id="0" name="Variable">lose</param>
                    <param id="1" name="Value">1</param>
                </action>
            </actions>
        </event-block>
        <event-block sid="596081719114540">
            <conditions>
                <condition behavior="Timer" id="0" name="On timer" sid="571879151647296" type="chara">
                    <param id="0" name="Tag">&quot;durasi&quot;</param>
                </condition>
            </conditions>
            <actions>
                <action id="-15" name="Set visible" sid="905075713819132" type="layarLose">
                    <param id="0" name="Visibility">1</param>
                </action>
                <action id="-15" name="Set visible" sid="497143755772151" type="Lose">
                    <param id="0" name="Visibility">1</param>
                </action>
                <action behavior="Platform" id="11" name="Set enabled" sid="743317541896915" type="chara">
                    <param id="0" name="State">0</param>
                </action>
                <action id="-9" name="Set value" sid="137422700889824" type="System">
                    <param id="0" name="Variable">lose</param>
                    <param id="1" name="Value">1</param>
                </action>
                <action id="0" name="Set text" sid="614319867013041" type="detik">
                    <param id="0" name="Text">&quot;00&quot;</param>
                </action>
            </actions>
        </event-block>
        <event-block sid="619000951895645">
            <conditions>
                <condition id="-6" name="Every X seconds" sid="967334364475587" type="System">
                    <param id="0" name="Interval (seconds)">1.0</param>
                </condition>
                <condition id="-14" name="Compare variable" sid="734387178117976" type="System">
                    <param id="0" name="Variable">lose</param>
                    <param id="1" name="Comparison">1</param>
                    <param id="2" name="Value">1</param>
                </condition>
            </conditions>
            <actions>
                <action id="-11" name="Subtract from" sid="213111353603327" type="System">
                    <param id="0" name="Variable">timer</param>
                    <param id="1" name="Value">1</param>
                </action>
                <action id="0" name="Set text" sid="107149251451216" type="detik">
                    <param id="0" name="Text">timer</param>
                </action>
            </actions>
            <sub-events>
                <event-block sid="324107805357748">
                    <conditions>
                        <condition id="-14" name="Compare variable" sid="503508280273924" type="System">
                            <param id="0" name="Variable">timer</param>
                            <param id="1" name="Comparison">2</param>
                            <param id="2" name="Value">10</param>
                        </condition>
                    </conditions>
                    <actions>
                        <action id="0" name="Set text" sid="321340276745719" type="detik">
                            <param id="0" name="Text">&quot;0&quot; &amp; timer</param>
                        </action>
                    </actions>
                </event-block>
            </sub-events>
        </event-block>
    </events>
</c2eventsheet>
