﻿<?xml version="1.0" encoding="utf-8" ?>
<c2eventsheet>
    <!--All the 'name' attributes are ignored by Construct 2 - they are there for readability only.-->
    <name>Event sheet 2</name>
    <events>
        <variable constant="0" name="IconPlayer" sid="490026005061349" static="0" type="number">0</variable>
        <variable constant="0" name="PlayerName" sid="262001223078857" static="0" type="text"></variable>
        <variable constant="0" name="TotalPlayer" sid="598146557551107" static="0" type="number">0</variable>
        <event-block sid="899904095770916">
            <conditions>
                <condition id="-2" name="On start of layout" sid="508862268605384" type="System" />
            </conditions>
            <actions>
                <action id="6" name="Set speed" sid="635488238472388" type="playerButton">
                    <param id="0" name="Speed">0</param>
                </action>
                <action id="6" name="Set speed" sid="901107279390359" type="musicButton">
                    <param id="0" name="Speed">0</param>
                </action>
                <action id="6" name="Set speed" sid="559236256790731" type="selectedPlayer">
                    <param id="0" name="Speed">0</param>
                </action>
                <action id="1" name="Set placeholder" sid="483592118447296" type="InputName">
                    <param id="0" name="Placeholder">&quot;Input Your Name&quot;</param>
                </action>
            </actions>
        </event-block>
        <event-group description="Ketika memilih jumlah player" disabled="1" sid="477649146726800" title="Player Clicked">
            <sub-events>
                <event-block sid="737013975935689">
                    <conditions>
                        <condition id="17" name="On tap object" sid="695621740816660" type="Touch">
                            <param id="0" name="Object">1pButton</param>
                        </condition>
                    </conditions>
                    <actions>
                        <action id="4" name="Set animation" sid="556238662735239" type="1pButton">
                            <param id="0" name="Animation">&quot;clicked&quot;</param>
                            <param id="1" name="From">1</param>
                        </action>
                        <action id="4" name="Set animation" sid="124490583064797" type="2pButton">
                            <param id="0" name="Animation">&quot;Default&quot;</param>
                            <param id="1" name="From">1</param>
                        </action>
                        <action id="4" name="Set animation" sid="183572008439409" type="3pButton">
                            <param id="0" name="Animation">&quot;Default&quot;</param>
                            <param id="1" name="From">1</param>
                        </action>
                        <action id="4" name="Set animation" sid="883443518849616" type="4pButton">
                            <param id="0" name="Animation">&quot;Default&quot;</param>
                            <param id="1" name="From">1</param>
                        </action>
                        <action id="-9" name="Set value" sid="997235818248860" type="System">
                            <param id="0" name="Variable">TotalPlayer</param>
                            <param id="1" name="Value">1</param>
                        </action>
                    </actions>
                </event-block>
                <event-block sid="453551948601048">
                    <conditions>
                        <condition id="17" name="On tap object" sid="841745956355345" type="Touch">
                            <param id="0" name="Object">2pButton</param>
                        </condition>
                    </conditions>
                    <actions>
                        <action id="4" name="Set animation" sid="645008947042936" type="1pButton">
                            <param id="0" name="Animation">&quot;Default&quot;</param>
                            <param id="1" name="From">1</param>
                        </action>
                        <action id="4" name="Set animation" sid="211971108406231" type="2pButton">
                            <param id="0" name="Animation">&quot;clicked&quot;</param>
                            <param id="1" name="From">1</param>
                        </action>
                        <action id="4" name="Set animation" sid="591019004745589" type="3pButton">
                            <param id="0" name="Animation">&quot;Default&quot;</param>
                            <param id="1" name="From">1</param>
                        </action>
                        <action id="4" name="Set animation" sid="701808035157382" type="4pButton">
                            <param id="0" name="Animation">&quot;Default&quot;</param>
                            <param id="1" name="From">1</param>
                        </action>
                        <action id="-9" name="Set value" sid="527714949196072" type="System">
                            <param id="0" name="Variable">TotalPlayer</param>
                            <param id="1" name="Value">2</param>
                        </action>
                    </actions>
                </event-block>
                <event-block sid="187806725010873">
                    <conditions>
                        <condition id="17" name="On tap object" sid="482651396931791" type="Touch">
                            <param id="0" name="Object">3pButton</param>
                        </condition>
                    </conditions>
                    <actions>
                        <action id="4" name="Set animation" sid="243251198155239" type="1pButton">
                            <param id="0" name="Animation">&quot;Default&quot;</param>
                            <param id="1" name="From">1</param>
                        </action>
                        <action id="4" name="Set animation" sid="916961211454259" type="2pButton">
                            <param id="0" name="Animation">&quot;Default&quot;</param>
                            <param id="1" name="From">1</param>
                        </action>
                        <action id="4" name="Set animation" sid="468177756891402" type="3pButton">
                            <param id="0" name="Animation">&quot;clicked&quot;</param>
                            <param id="1" name="From">1</param>
                        </action>
                        <action id="4" name="Set animation" sid="875666323519015" type="4pButton">
                            <param id="0" name="Animation">&quot;Default&quot;</param>
                            <param id="1" name="From">1</param>
                        </action>
                        <action id="-9" name="Set value" sid="827318076019965" type="System">
                            <param id="0" name="Variable">TotalPlayer</param>
                            <param id="1" name="Value">3</param>
                        </action>
                    </actions>
                </event-block>
                <event-block sid="197107378888929">
                    <conditions>
                        <condition id="17" name="On tap object" sid="668009030341357" type="Touch">
                            <param id="0" name="Object">4pButton</param>
                        </condition>
                    </conditions>
                    <actions>
                        <action id="4" name="Set animation" sid="407225377468824" type="1pButton">
                            <param id="0" name="Animation">&quot;Default&quot;</param>
                            <param id="1" name="From">1</param>
                        </action>
                        <action id="4" name="Set animation" sid="942237047850054" type="2pButton">
                            <param id="0" name="Animation">&quot;Default&quot;</param>
                            <param id="1" name="From">1</param>
                        </action>
                        <action id="4" name="Set animation" sid="488368673029361" type="3pButton">
                            <param id="0" name="Animation">&quot;Default&quot;</param>
                            <param id="1" name="From">1</param>
                        </action>
                        <action id="4" name="Set animation" sid="761945339234100" type="4pButton">
                            <param id="0" name="Animation">&quot;clicked&quot;</param>
                            <param id="1" name="From">1</param>
                        </action>
                        <action id="-9" name="Set value" sid="387344937900217" type="System">
                            <param id="0" name="Variable">TotalPlayer</param>
                            <param id="1" name="Value">4</param>
                        </action>
                    </actions>
                </event-block>
            </sub-events>
        </event-group>
        <event-block sid="915714121092422">
            <conditions>
                <condition id="17" name="On tap object" sid="421027442694186" type="Touch">
                    <param id="0" name="Object">musicButton</param>
                </condition>
            </conditions>
            <actions />
            <sub-events>
                <event-block sid="444945009495755">
                    <conditions>
                        <condition id="-8" name="Is boolean instance variable set" sid="443191784680453" type="musicButton">
                            <param id="0" name="Instance variable">Mute</param>
                        </condition>
                    </conditions>
                    <actions>
                        <action id="5" name="Set frame" sid="739847405909025" type="musicButton">
                            <param id="0" name="Frame number">0</param>
                        </action>
                        <action id="-13" name="Set boolean" sid="367812820873183" type="musicButton">
                            <param id="0" name="Instance variable">Mute</param>
                            <param id="1" name="Value">0</param>
                        </action>
                    </actions>
                </event-block>
                <event-block sid="746167744186908">
                    <conditions>
                        <condition id="-22" name="Else" sid="258526448896669" type="System" />
                    </conditions>
                    <actions>
                        <action id="5" name="Set frame" sid="713531788062921" type="musicButton">
                            <param id="0" name="Frame number">1</param>
                        </action>
                        <action id="-13" name="Set boolean" sid="564331962350551" type="musicButton">
                            <param id="0" name="Instance variable">Mute</param>
                            <param id="1" name="Value">1</param>
                        </action>
                    </actions>
                </event-block>
            </sub-events>
        </event-block>
        <event-block sid="108987394848943">
            <conditions>
                <condition id="17" name="On tap object" sid="948635290805305" type="Touch">
                    <param id="0" name="Object">playButton</param>
                </condition>
            </conditions>
            <actions>
                <action id="-2" name="Go to layout" sid="644480577665999" type="System">
                    <param id="0" name="Layout">Main Game</param>
                </action>
            </actions>
        </event-block>
        <event-block sid="365267756910102">
            <conditions>
                <condition id="-1" name="Every tick" sid="707374581663489" type="System" />
            </conditions>
            <actions>
                <action id="7" name="Set CSS style" sid="863611909127278" type="InputName">
                    <param id="0" name="Property name">&quot;color&quot;</param>
                    <param id="1" name="Value">&quot;black&quot;</param>
                </action>
                <action id="7" name="Set CSS style" sid="966974806520884" type="InputName">
                    <param id="0" name="Property name">&quot;outline-style&quot;</param>
                    <param id="1" name="Value">&quot;none&quot;</param>
                </action>
                <action id="7" name="Set CSS style" sid="893753017351607" type="InputName">
                    <param id="0" name="Property name">&quot;border-style&quot;</param>
                    <param id="1" name="Value">&quot;none&quot;</param>
                </action>
                <action id="7" name="Set CSS style" sid="380886906408484" type="InputName">
                    <param id="0" name="Property name">&quot;background-color&quot;</param>
                    <param id="1" name="Value">&quot;rgba(0,0,0,0)&quot;</param>
                </action>
                <action id="-9" name="Set value" sid="342128108476725" type="System">
                    <param id="0" name="Variable">PlayerName</param>
                    <param id="1" name="Value">InputName.Text</param>
                </action>
            </actions>
        </event-block>
        <event-block sid="135621314268719">
            <conditions>
                <condition id="17" name="On tap object" sid="738992412971926" type="Touch">
                    <param id="0" name="Object">selectedPlayer</param>
                </condition>
            </conditions>
            <actions>
                <action id="-10" name="Add to" sid="681092745314440" type="System">
                    <param id="0" name="Variable">IconPlayer</param>
                    <param id="1" name="Value">1</param>
                </action>
                <action id="5" name="Set frame" sid="135575584208235" type="selectedPlayer">
                    <param id="0" name="Frame number">IconPlayer</param>
                </action>
            </actions>
            <sub-events>
                <event-block sid="323322170991725">
                    <conditions>
                        <condition id="-14" name="Compare variable" sid="932235790067408" type="System">
                            <param id="0" name="Variable">IconPlayer</param>
                            <param id="1" name="Comparison">4</param>
                            <param id="2" name="Value">3</param>
                        </condition>
                    </conditions>
                    <actions>
                        <action id="-9" name="Set value" sid="493197674716529" type="System">
                            <param id="0" name="Variable">IconPlayer</param>
                            <param id="1" name="Value">0</param>
                        </action>
                        <action id="5" name="Set frame" sid="425644943899331" type="selectedPlayer">
                            <param id="0" name="Frame number">0</param>
                        </action>
                    </actions>
                </event-block>
            </sub-events>
        </event-block>
    </events>
</c2eventsheet>
