﻿<?xml version="1.0" encoding="utf-8" ?>
<c2eventsheet>
    <!--All the 'name' attributes are ignored by Construct 2 - they are there for readability only.-->
    <name>Event sheet 1</name>
    <events>
        <variable comment="0 false, 1 true" constant="0" name="isBotMove" sid="344185284760434" static="0" type="number">0</variable>
        <variable comment="4 orang gantian" constant="0" name="PlayerTurn" sid="389554725810610" static="0" type="number">1</variable>
        <variable comment="total langkah gerak" constant="0" name="moveStep" sid="412518501913656" static="0" type="number">0</variable>
        <variable comment="posisi player 1" constant="0" name="position" sid="803591196327493" static="0" type="number">4</variable>
        <variable comment="posisi player 2" constant="0" name="position2" sid="913856917229936" static="0" type="number">4</variable>
        <event-group description="Initialize value pas mulai" sid="533933724766741" title="Start">
            <sub-events>
                <event-block sid="802703904918450">
                    <conditions>
                        <condition id="-2" name="On start of layout" sid="472140059562971" type="System" />
                    </conditions>
                    <actions>
                        <action id="-15" name="Set visible" sid="396378891108636" type="Congrats">
                            <param id="0" name="Visibility">0</param>
                        </action>
                        <action behavior="Rotate" id="0" name="Set speed" sid="953558666430888" type="Dice">
                            <param id="0" name="Speed">0</param>
                        </action>
                        <action id="6" name="Set speed" sid="861146853456616" type="Icon1">
                            <param id="0" name="Speed">0</param>
                        </action>
                        <action id="5" name="Set frame" sid="899131446783285" type="Icon1">
                            <param id="0" name="Frame number">IconPlayer</param>
                        </action>
                        <action id="0" name="Set text" sid="606880245559631" type="IGN1">
                            <param id="0" name="Text">PlayerName</param>
                        </action>
                        <action id="0" name="Set text" sid="137165429971645" type="IGN2">
                            <param id="0" name="Text">&quot;BOT 1&quot;</param>
                        </action>
                        <action id="6" name="Set speed" sid="646145437763856" type="karakter">
                            <param id="0" name="Speed">0</param>
                        </action>
                        <action id="5" name="Set frame" sid="340603060229948" type="karakter">
                            <param id="0" name="Frame number">IconPlayer</param>
                        </action>
                    </actions>
                </event-block>
            </sub-events>
        </event-group>
        <event-group description="Seluruh proses gerak" sid="917517182472188" title="Game Main">
            <sub-events>
                <event-group description="Logika untuk roll dadu" sid="694462986737823" title="DiceRoll">
                    <sub-events>
                        <event-block sid="759785074111875">
                            <conditions>
                                <condition id="17" name="On tap object" sid="578497844679259" type="Touch">
                                    <param id="0" name="Object">Dice</param>
                                </condition>
                            </conditions>
                            <actions>
                                <action id="-15" name="Set visible" sid="126602231190225" type="TapThis">
                                    <param id="0" name="Visibility">0</param>
                                </action>
                                <action behavior="Rotate" id="0" name="Set speed" sid="275668475437603" type="Dice">
                                    <param id="0" name="Speed">180</param>
                                </action>
                                <action id="6" name="Set speed" sid="609415311273428" type="Dice">
                                    <param id="0" name="Speed">10</param>
                                </action>
                                <action id="5" name="Set frame" sid="494927146668650" type="Dice">
                                    <param id="0" name="Frame number">int(random(6))</param>
                                </action>
                                <action id="-16" name="Wait" sid="288340373030496" type="System">
                                    <param id="0" name="Seconds">1.0</param>
                                </action>
                                <action id="6" name="Set speed" sid="270022363607879" type="Dice">
                                    <param id="0" name="Speed">0</param>
                                </action>
                                <action id="-8" name="Set angle" sid="651444112848281" type="Dice">
                                    <param id="0" name="Angle">0</param>
                                </action>
                                <action behavior="Rotate" id="0" name="Set speed" sid="408371736869571" type="Dice">
                                    <param id="0" name="Speed">0</param>
                                </action>
                                <action id="-10" name="Add to" sid="574066510058224" type="System">
                                    <param id="0" name="Variable">moveStep</param>
                                    <param id="1" name="Value">Dice.AnimationFrame+1</param>
                                </action>
                                <action id="-13" name="Set boolean" sid="382716785770619" type="karakter">
                                    <param id="0" name="Instance variable">move</param>
                                    <param id="1" name="Value">1</param>
                                </action>
                            </actions>
                        </event-block>
                    </sub-events>
                </event-group>
                <event-group description="Urutan gerak" disabled="1" sid="473608698261171" title="PlayerTurn">
                    <sub-events>
                        <event-block disabled="1" sid="250421100249542">
                            <conditions>
                                <condition id="-14" name="Compare variable" sid="891400341853082" type="System">
                                    <param id="0" name="Variable">PlayerTurn</param>
                                    <param id="1" name="Comparison">0</param>
                                    <param id="2" name="Value">1</param>
                                </condition>
                            </conditions>
                            <actions>
                                <action id="-9" name="Set value" sid="605806173485109" type="System">
                                    <param id="0" name="Variable">isBotMove</param>
                                    <param id="1" name="Value">0</param>
                                </action>
                                <action id="-13" name="Set boolean" sid="444327002660860" type="karakter">
                                    <param id="0" name="Instance variable">move</param>
                                    <param id="1" name="Value">1</param>
                                </action>
                                <action id="-15" name="Set visible" sid="487395512899339" type="karakter">
                                    <param id="0" name="Visibility">1</param>
                                </action>
                                <action behavior="CameraFollower" id="11" name="Set following" sid="838057108176875" type="karakter">
                                    <param id="0" name="State">1</param>
                                </action>
                                <action behavior="ScrollTo" id="1" name="Set enabled" sid="823874954445520" type="karakter">
                                    <param id="0" name="State">1</param>
                                </action>
                            </actions>
                        </event-block>
                        <event-block disabled="1" sid="818051206727155">
                            <conditions>
                                <condition id="-14" name="Compare variable" sid="224886603460301" type="System">
                                    <param id="0" name="Variable">PlayerTurn</param>
                                    <param id="1" name="Comparison">0</param>
                                    <param id="2" name="Value">2</param>
                                </condition>
                            </conditions>
                            <actions>
                                <action id="-9" name="Set value" sid="587564485824369" type="System">
                                    <param id="0" name="Variable">isBotMove</param>
                                    <param id="1" name="Value">1</param>
                                </action>
                                <action id="-13" name="Set boolean" sid="862148614652791" type="karakter2">
                                    <param id="0" name="Instance variable">move</param>
                                    <param id="1" name="Value">1</param>
                                </action>
                                <action id="-15" name="Set visible" sid="131067374256714" type="karakter2">
                                    <param id="0" name="Visibility">1</param>
                                </action>
                                <action behavior="CameraFollower" id="11" name="Set following" sid="814387664557937" type="karakter2">
                                    <param id="0" name="State">1</param>
                                </action>
                                <action behavior="ScrollTo" id="1" name="Set enabled" sid="324672346763788" type="karakter2">
                                    <param id="0" name="State">1</param>
                                </action>
                            </actions>
                        </event-block>
                        <event-block disabled="1" sid="673962022412515">
                            <conditions>
                                <condition id="-14" name="Compare variable" sid="507332190268488" type="System">
                                    <param id="0" name="Variable">PlayerTurn</param>
                                    <param id="1" name="Comparison">0</param>
                                    <param id="2" name="Value">3</param>
                                </condition>
                            </conditions>
                            <actions>
                                <action id="-9" name="Set value" sid="500906484950421" type="System">
                                    <param id="0" name="Variable">isBotMove</param>
                                    <param id="1" name="Value">1</param>
                                </action>
                            </actions>
                        </event-block>
                        <event-block disabled="1" sid="316223473538046">
                            <conditions>
                                <condition id="-14" name="Compare variable" sid="756531375192111" type="System">
                                    <param id="0" name="Variable">PlayerTurn</param>
                                    <param id="1" name="Comparison">0</param>
                                    <param id="2" name="Value">4</param>
                                </condition>
                            </conditions>
                            <actions>
                                <action id="-9" name="Set value" sid="990101022089806" type="System">
                                    <param id="0" name="Variable">isBotMove</param>
                                    <param id="1" name="Value">1</param>
                                </action>
                            </actions>
                        </event-block>
                    </sub-events>
                </event-group>
                <event-group description="logika ketika player gerak" sid="487254404655136" title="PlayerMove">
                    <sub-events>
                        <event-block sid="995997414502501">
                            <conditions>
                                <condition id="-8" name="Is boolean instance variable set" sid="330501311382280" type="karakter">
                                    <param id="0" name="Instance variable">move</param>
                                </condition>
                            </conditions>
                            <actions />
                            <sub-events>
                                <event-block sid="534781530225387">
                                    <conditions>
                                        <condition id="-6" name="Every X seconds" sid="420248139242093" type="System">
                                            <param id="0" name="Interval (seconds)">0.5</param>
                                        </condition>
                                        <condition id="-14" name="Compare variable" sid="230098676355832" type="System">
                                            <param id="0" name="Variable">moveStep</param>
                                            <param id="1" name="Comparison">4</param>
                                            <param id="2" name="Value">0</param>
                                        </condition>
                                    </conditions>
                                    <actions>
                                        <action behavior="MoveTo" id="10" name="Move to UID" sid="788116693366414" type="karakter">
                                            <param id="0" name="UID">position+1</param>
                                        </action>
                                        <action id="-10" name="Add to" sid="644491384776619" type="System">
                                            <param id="0" name="Variable">position</param>
                                            <param id="1" name="Value">1</param>
                                        </action>
                                        <action id="-11" name="Subtract from" sid="940431860240589" type="System">
                                            <param id="0" name="Variable">moveStep</param>
                                            <param id="1" name="Value">1</param>
                                        </action>
                                    </actions>
                                </event-block>
                                <event-block sid="107485364793043">
                                    <conditions>
                                        <condition id="-14" name="Compare variable" sid="714711516703623" type="System">
                                            <param id="0" name="Variable">moveStep</param>
                                            <param id="1" name="Comparison">0</param>
                                            <param id="2" name="Value">0</param>
                                        </condition>
                                    </conditions>
                                    <actions>
                                        <action disabled="1" id="-10" name="Add to" sid="134455706071465" type="System">
                                            <param id="0" name="Variable">PlayerTurn</param>
                                            <param id="1" name="Value">1</param>
                                        </action>
                                        <action id="-13" name="Set boolean" sid="802766396904563" type="karakter">
                                            <param id="0" name="Instance variable">move</param>
                                            <param id="1" name="Value">0</param>
                                        </action>
                                        <action behavior="CameraFollower" disabled="1" id="11" name="Set following" sid="512715340191016" type="karakter">
                                            <param id="0" name="State">0</param>
                                        </action>
                                        <action behavior="ScrollTo" disabled="1" id="1" name="Set enabled" sid="288844479460067" type="karakter">
                                            <param id="0" name="State">0</param>
                                        </action>
                                        <action id="-15" name="Set visible" sid="939644040638679" type="TapThis">
                                            <param id="0" name="Visibility">1</param>
                                        </action>
                                    </actions>
                                </event-block>
                            </sub-events>
                        </event-block>
                        <event-block disabled="1" sid="479487329227858">
                            <conditions>
                                <condition id="-8" name="Is boolean instance variable set" sid="877490222807949" type="karakter2">
                                    <param id="0" name="Instance variable">move</param>
                                </condition>
                            </conditions>
                            <actions />
                            <sub-events>
                                <event-block disabled="1" sid="383757664445627">
                                    <conditions>
                                        <condition id="-6" name="Every X seconds" sid="959388980037605" type="System">
                                            <param id="0" name="Interval (seconds)">0.5</param>
                                        </condition>
                                        <condition id="-14" name="Compare variable" sid="780355303208297" type="System">
                                            <param id="0" name="Variable">moveStep</param>
                                            <param id="1" name="Comparison">4</param>
                                            <param id="2" name="Value">0</param>
                                        </condition>
                                    </conditions>
                                    <actions>
                                        <action behavior="MoveTo" id="10" name="Move to UID" sid="199266035378123" type="karakter2">
                                            <param id="0" name="UID">position2+1</param>
                                        </action>
                                        <action id="-10" name="Add to" sid="439697126545850" type="System">
                                            <param id="0" name="Variable">position2</param>
                                            <param id="1" name="Value">1</param>
                                        </action>
                                        <action id="-11" name="Subtract from" sid="777252587257685" type="System">
                                            <param id="0" name="Variable">moveStep</param>
                                            <param id="1" name="Value">1</param>
                                        </action>
                                    </actions>
                                </event-block>
                                <event-block disabled="1" sid="258971071356161">
                                    <conditions>
                                        <condition id="-14" name="Compare variable" sid="534287187988941" type="System">
                                            <param id="0" name="Variable">moveStep</param>
                                            <param id="1" name="Comparison">0</param>
                                            <param id="2" name="Value">0</param>
                                        </condition>
                                    </conditions>
                                    <actions>
                                        <action id="-10" name="Add to" sid="610364053039679" type="System">
                                            <param id="0" name="Variable">PlayerTurn</param>
                                            <param id="1" name="Value">1</param>
                                        </action>
                                        <action id="-13" name="Set boolean" sid="651932588714969" type="karakter2">
                                            <param id="0" name="Instance variable">move</param>
                                            <param id="1" name="Value">0</param>
                                        </action>
                                        <action behavior="CameraFollower" id="11" name="Set following" sid="719909593862281" type="karakter2">
                                            <param id="0" name="State">0</param>
                                        </action>
                                        <action behavior="ScrollTo" id="1" name="Set enabled" sid="307132525327998" type="karakter2">
                                            <param id="0" name="State">0</param>
                                        </action>
                                        <action id="-15" name="Set visible" sid="544949015122711" type="karakter2">
                                            <param id="0" name="Visibility">0</param>
                                        </action>
                                    </actions>
                                </event-block>
                            </sub-events>
                        </event-block>
                    </sub-events>
                </event-group>
            </sub-events>
        </event-group>
        <event-group description="Event yang muncul ketika finish" sid="391233187097013" title="Finish">
            <sub-events>
                <event-block sid="143201425101959">
                    <conditions>
                        <condition id="-14" name="Compare variable" sid="247173694587585" type="System">
                            <param id="0" name="Variable">position</param>
                            <param id="1" name="Comparison">5</param>
                            <param id="2" name="Value">83</param>
                        </condition>
                    </conditions>
                    <actions>
                        <action id="-9" name="Set value" sid="991712506836141" type="System">
                            <param id="0" name="Variable">position</param>
                            <param id="1" name="Value">83</param>
                        </action>
                        <action id="-15" name="Set visible" sid="535048034129727" type="Congrats">
                            <param id="0" name="Visibility">1</param>
                        </action>
                    </actions>
                </event-block>
            </sub-events>
        </event-group>
    </events>
</c2eventsheet>
